/* USERS */
INSERT INTO users (name, password) VALUES
('John1', md5('password')),
('Jane2', md5('password')),
('Mike50', md5('password')),
('Emily', md5('password')),
('Tom60', md5('password')),
('Samantha', md5('password')),
('Robert', md5('password')),
('Linda99', md5('password')),
('David', md5('password')),
('Maria', md5('password'));

/* CUSTOMERS */
INSERT INTO customers (name, password) VALUES
('Alice', md5('password')),
('Bob12', md5('password')),
('Charlie', md5('password')),
('Daisy59', md5('password')),
('Emma123', md5('password')),
('Frank6', md5('password')),
('Grace', md5('password')),
('Harry', md5('password')),
('Isabella', md5('password')),
('Jack20', md5('password'));

/* OFFERS */
INSERT INTO offers (user_id, offer_name, customer_name, validity_offer, note) VALUES
(1, 'Offer 1', 'Alice', '2023-03-01', 'Note 1'),
(2, 'Offer 2', 'Frank6', '2023-03-02', 'Note 2'),
(3, 'Offer 3', 'Harry', '2023-03-03', 'Note 3'),
(4, 'Offer 4', 'Charlie', '2023-03-04', 'Note 4'),
(5, 'Offer 5', 'Isabella', '2023-03-05', 'Note 5'),
(6, 'Offer 6', 'Charlie', '2023-03-06', 'Note 6'),
(7, 'Offer 7', 'Isabella', '2023-03-07', 'Note 7'),
(8, 'Offer 8', 'Harry', '2023-03-08', 'Note 8'),
(9, 'Offer 9', 'Emma123', '2023-03-09', 'Note 9'),
(10, 'Offer 10', 'Jack20', '2023-03-10', 'Note 10'),
(2, 'Offer 11', 'Alice', '2023-03-01', 'Note 11'),
(3, 'Offer 12', 'Frank6', '2023-03-02', 'Note 12'),
(13, 'Offer 13', 'Harry', '2023-03-03', 'Note 13'),
(7, 'Offer 14', 'Charlie', '2023-03-04', 'Note 14'),
(5, 'Offer 15', 'Isabella', '2023-03-05', 'Note 15'),
(1, 'Offer 16', 'Charlie', '2023-03-06', 'Note 16'),
(1, 'Offer 17', 'Isabella', '2023-03-07', 'Note 17'),
(8, 'Offer 18', 'Harry', '2023-03-08', 'Note 18'),
(5, 'Offer 19', 'Emma123', '2023-03-09', 'Note 19'),
(6, 'Offer 20', 'Jack20', '2023-03-10', 'Note 20');

/* PRODUCTS */
INSERT INTO products (user_id, offer_id, product_name, count, price, discount) VALUES
(1, 1, 'Product 1', FLOOR(RAND() * 1000) + 1, ROUND(RAND() * 1000, 2), FLOOR(RAND() * 100) + 1),
(2, 2, 'Product 2', FLOOR(RAND() * 1000) + 1, ROUND(RAND() * 1000, 2), FLOOR(RAND() * 100) + 1),
(3, 3, 'Product 3', FLOOR(RAND() * 1000) + 1, ROUND(RAND() * 1000, 2), FLOOR(RAND() * 100) + 1),
(4, 1, 'Product 4', FLOOR(RAND() * 1000) + 1, ROUND(RAND() * 1000, 2), FLOOR(RAND() * 100) + 1),
(5, 2, 'Product 5', FLOOR(RAND() * 1000) + 1, ROUND(RAND() * 1000, 2), FLOOR(RAND() * 100) + 1),
(6, 3, 'Product 6', FLOOR(RAND() * 1000) + 1, ROUND(RAND() * 1000, 2), FLOOR(RAND() * 100) + 1),
(7, 1, 'Product 7', FLOOR(RAND() * 1000) + 1, ROUND(RAND() * 1000, 2), FLOOR(RAND() * 100) + 1),
(8, 2, 'Product 8', FLOOR(RAND() * 1000) + 1, ROUND(RAND() * 1000, 2), FLOOR(RAND() * 100) + 1),
(9, 3, 'Product 9', FLOOR(RAND() * 1000) + 1, ROUND(RAND() * 1000, 2), FLOOR(RAND() * 100) + 1),
(10, 1, 'Product 10', FLOOR(RAND() * 1000) + 1, ROUND(RAND() * 1000, 2), FLOOR(RAND() * 100) + 1),
(1, 8, 'Product 11', FLOOR(RAND() * 1000) + 1, ROUND(RAND() * 1000, 2), FLOOR(RAND() * 100) + 1),
(2, 13, 'Product 12', FLOOR(RAND() * 1000) + 1, ROUND(RAND() * 1000, 2), FLOOR(RAND() * 100) + 1),
(3, 11, 'Product 13', FLOOR(RAND() * 1000) + 1, ROUND(RAND() * 1000, 2), FLOOR(RAND() * 100) + 1),
(4, 19, 'Product 14', FLOOR(RAND() * 1000) + 1, ROUND(RAND() * 1000, 2), FLOOR(RAND() * 100) + 1),
(5, 9, 'Product 15', FLOOR(RAND() * 1000) + 1, ROUND(RAND() * 1000, 2), FLOOR(RAND() * 100) + 1),
(6, 4, 'Product 16', FLOOR(RAND() * 1000) + 1, ROUND(RAND() * 1000, 2), FLOOR(RAND() * 100) + 1),
(7, 7, 'Product 17', FLOOR(RAND() * 1000) + 1, ROUND(RAND() * 1000, 2), FLOOR(RAND() * 100) + 1),
(8, 8, 'Product 18', FLOOR(RAND() * 1000) + 1, ROUND(RAND() * 1000, 2), FLOOR(RAND() * 100) + 1),
(9, 14, 'Product 19', FLOOR(RAND() * 1000) + 1, ROUND(RAND() * 1000, 2), FLOOR(RAND() * 100) + 1),
(10, 20, 'Product 20', FLOOR(RAND() * 1000) + 1, ROUND(RAND() * 1000, 2), FLOOR(RAND() * 100) + 1),
(1, 1, 'Product 21', FLOOR(RAND() * 1000) + 1, ROUND(RAND() * 1000, 2), FLOOR(RAND() * 100) + 1),
(2, 2, 'Product 22', FLOOR(RAND() * 1000) + 1, ROUND(RAND() * 1000, 2), FLOOR(RAND() * 100) + 1),
(3, 3, 'Product 23', FLOOR(RAND() * 1000) + 1, ROUND(RAND() * 1000, 2), FLOOR(RAND() * 100) + 1),
(4, 1, 'Product 24', FLOOR(RAND() * 1000) + 1, ROUND(RAND() * 1000, 2), FLOOR(RAND() * 100) + 1),
(5, 2, 'Product 25', FLOOR(RAND() * 1000) + 1, ROUND(RAND() * 1000, 2), FLOOR(RAND() * 100) + 1),
(6, 3, 'Product 26', FLOOR(RAND() * 1000) + 1, ROUND(RAND() * 1000, 2), FLOOR(RAND() * 100) + 1),
(7, 1, 'Product 27', FLOOR(RAND() * 1000) + 1, ROUND(RAND() * 1000, 2), FLOOR(RAND() * 100) + 1),
(8, 2, 'Product 28', FLOOR(RAND() * 1000) + 1, ROUND(RAND() * 1000, 2), FLOOR(RAND() * 100) + 1),
(9, 3, 'Product 29', FLOOR(RAND() * 1000) + 1, ROUND(RAND() * 1000, 2), FLOOR(RAND() * 100) + 1),
(10, 1, 'Product 30', FLOOR(RAND() * 1000) + 1, ROUND(RAND() * 1000, 2), FLOOR(RAND() * 100) + 1),
(1, 8, 'Product 31', FLOOR(RAND() * 1000) + 1, ROUND(RAND() * 1000, 2), FLOOR(RAND() * 100) + 1),
(2, 13, 'Product 32', FLOOR(RAND() * 1000) + 1, ROUND(RAND() * 1000, 2), FLOOR(RAND() * 100) + 1),
(3, 11, 'Product 33', FLOOR(RAND() * 1000) + 1, ROUND(RAND() * 1000, 2), FLOOR(RAND() * 100) + 1),
(4, 19, 'Product 34', FLOOR(RAND() * 1000) + 1, ROUND(RAND() * 1000, 2), FLOOR(RAND() * 100) + 1),
(5, 9, 'Product 35', FLOOR(RAND() * 1000) + 1, ROUND(RAND() * 1000, 2), FLOOR(RAND() * 100) + 1),
(6, 4, 'Product 36', FLOOR(RAND() * 1000) + 1, ROUND(RAND() * 1000, 2), FLOOR(RAND() * 100) + 1),
(7, 7, 'Product 37', FLOOR(RAND() * 1000) + 1, ROUND(RAND() * 1000, 2), FLOOR(RAND() * 100) + 1),
(8, 8, 'Product 38', FLOOR(RAND() * 1000) + 1, ROUND(RAND() * 1000, 2), FLOOR(RAND() * 100) + 1),
(9, 14, 'Product 39', FLOOR(RAND() * 1000) + 1, ROUND(RAND() * 1000, 2), FLOOR(RAND() * 100) + 1),
(10, 20, 'Product 40', FLOOR(RAND() * 1000) + 1, ROUND(RAND() * 1000, 2), FLOOR(RAND() * 100) + 1);
